qid,gold_axis,role,model,pred_axis,latency_ms,cached,raw_text
q01,A,router_fast,DeepSeek-V4-Flash,A,2087,True,"AXIS: A REASON: Query directly asks about plasma Aβ42/Aβ40 ratio, a biomarker for amyloid pathology."
q01,A,teacher_premium,Qwen3-235B-A22B-Instruct-2507,A,6901,True,"AXIS: A   REASON: The query directly references plasma Aβ42/Aβ40 ratio, a core amyloid biomarker."
q01,A,teacher_medical,Baichuan-M3-Plus,A,9484,True,"AXIS: A   REASON: The query directly references the **plasma Aβ42/Aβ40 ratio**, a key biomarker for cerebral amyloid pathology, which is central to the amyloid (A) axis. This ratio is **reduced in individuals with positive amyloid PET findings** and correlates with CSF amyloid measurements and brain amyloid deposition ^[3]^.  Notably, the **plasma Aβ42/Aβ40 ratio is more strongly associated with amyloid deposition** than individual Aβ42 or Aβ40 values ^[3]^, and it demonstrates **high diagnostic"
q02,A,router_fast,DeepSeek-V4-Flash,A,7848,True,"AXIS: A REASON: Amyloid PET directly measures amyloid plaque deposition, core to Amyloid axis."
q02,A,teacher_premium,Qwen3-235B-A22B-Instruct-2507,A,1248,True,"AXIS: A   REASON: Amyloid PET directly measures amyloid-beta plaque deposition, a core feature of amyloid pathology."
q02,A,teacher_medical,Baichuan-M3-Plus,A,9608,True,"AXIS: A   REASON: Amyloid PET directly measures **fibrillar amyloid plaque deposition** in the brain, a core pathological feature of Alzheimer's disease ^[3]^, making it a direct in vivo biomarker for Aβ pathology. The technique visualizes aggregated Aβ plaques, distinguishing it from fluid biomarkers that measure soluble forms like Aβ42 or p-tau ^[7]^.  Notably, **amyloid PET provides information on the magnitude and spatial distribution of fibrillar amyloid plaque deposition** ^[6]^, which is "
q03,A,router_fast,DeepSeek-V4-Flash,A,16424,True,"AXIS: A   REASON: Query focuses on cerebral Aβ plaque deposition, a core amyloid pathology."
q03,A,teacher_premium,Qwen3-235B-A22B-Instruct-2507,A,5887,True,"AXIS: A   REASON: The query directly focuses on Aβ plaque deposition, a core amyloid biomarker in preclinical AD."
q03,A,teacher_medical,Baichuan-M3-Plus,A,14002,True,"AXIS: A   REASON: The query directly focuses on **cerebral Aβ plaque deposition**, a core feature of amyloid pathology, which is central to the **A** axis in the ATN framework ^[2]^ ^[5]^.  The presence of **Aβ aggregates in the form of extracellular senile plaques** is described as one of the key neuropathological hallmarks of Alzheimer's disease ^[5]^, and **Aβ deposition is regarded as the initial factor in the pathogenesis of AD** ^[8]^.  Notably, **progressive accumulation of fibrillar amyl"
q04,A,router_fast,DeepSeek-V4-Flash,A,2894,True,"AXIS: A REASON: Directly queries Aβ42 discordance between plasma and CSF, an amyloid biomarker issue."
q04,A,teacher_premium,Qwen3-235B-A22B-Instruct-2507,A,1413,True,"AXIS: A   REASON: The query focuses on plasma and CSF Aβ42 levels, which are core amyloid biomarkers."
q04,A,teacher_medical,Baichuan-M3-Plus,A,10938,True,"AXIS: A   REASON: The query directly addresses **plasma and CSF Aβ42 levels**, which are core biomarkers under the **Amyloid (A) axis**, focusing on mechanistic discordance in Aβ42 measurements between biofluids.    The reduction in plasma Aβ42 with normal CSF Aβ42 may reflect **peripheral contributions to plasma Aβ** that are not directly tied to central amyloid pathology. As noted, **plasma Aβ levels are influenced by peripheral sources**, including platelet-derived Aβ and renal clearance, whi"
q05,A,router_fast,DeepSeek-V4-Flash,A,6260,True,"AXIS: A REASON: Directly asks about Aβ accumulation, the core amyloid pathology in Alzheimer's disease."
q05,A,teacher_premium,Qwen3-235B-A22B-Instruct-2507,A,15234,True,"AXIS: A   REASON: The query directly references Aβ accumulation, a core amyloid pathology in Alzheimer's disease."
q05,A,teacher_medical,Baichuan-M3-Plus,A,12152,True,"AXIS: A   REASON: Aβ accumulation is considered the **earliest event in the pathophysiological cascade** of Alzheimer's disease, preceding tau aggregation and neurodegeneration by decades ^[1]^.  According to the amyloid cascade hypothesis, **Aβ deposition begins up to two decades before symptom onset** ^[3]^, initially accumulating in cortical areas with high metabolic activity such as the **precuneus, medial orbitofrontal, and posterior cingulate cortices** ^[3]^.  Notably, **Aβ pathology may "
q06,T,router_fast,DeepSeek-V4-Flash,T,2352,True,"AXIS: T REASON: p-tau217 is a specific tau biomarker, directly indicating tau pathology."
q06,T,teacher_premium,Qwen3-235B-A22B-Instruct-2507,T,1391,True,"AXIS: T   REASON: The query directly references plasma p-tau217, a specific biomarker of tau pathology."
q06,T,teacher_medical,Baichuan-M3-Plus,T,8659,True,"AXIS: T   REASON: Elevated plasma p-tau217 is **highly specific for Alzheimer's disease pathology**, showing a **strong association with both amyloid and tau pathology** in the brain, particularly reflecting **tau phosphorylation and early tau pathology** ^[10]^.  Notably, plasma p-tau217 demonstrates **greater association with both brain Aβ and early tau pathology** compared to other p-tau isoforms, and its levels increase progressively with disease progression and cognitive impairment ^[10]^. "
q07,T,router_fast,DeepSeek-V4-Flash,T,7746,True,"AXIS: T   REASON: Query compares p-tau181, p-tau217, p-tau231, which are tau biomarkers."
q07,T,teacher_premium,Qwen3-235B-A22B-Instruct-2507,T,1493,True,"AXIS: T   REASON: The query focuses on comparing phosphorylated tau isoforms, which are core biomarkers of tau pathology in early AD."
q07,T,teacher_medical,Baichuan-M3-Plus,T,14045,True,"AXIS: T   REASON: The query directly compares phosphorylated tau isoforms (p-tau181, p-tau217, p-tau231), which are core biomarkers of tau pathology in early Alzheimer's disease.    These biomarkers are explicitly linked to **tau protein pathology**, a defining neuropathological hallmark of AD. According to the materials, **p-tau217** demonstrates superior diagnostic performance compared to p-tau181 and p-tau231, with **higher sensitivity and specificity**, particularly in distinguishing AD from"
q08,T,router_fast,DeepSeek-V4-Flash,T,2891,True,"AXIS: T   REASON: Query focuses on neurofibrillary tangles and tau phosphorylation, core tau pathology."
q08,T,teacher_premium,Qwen3-235B-A22B-Instruct-2507,T,6436,True,"AXIS: T   REASON: The query directly asks about neurofibrillary tangles and tau phosphorylation, both core components of tau pathology."
q08,T,teacher_medical,Baichuan-M3-Plus,T,12098,True,"AXIS: T   REASON: The query directly focuses on **neurofibrillary tangles** and their formation through **tau phosphorylation**, which are core elements of the **Tau (T) axis**.    Neurofibrillary tangles (NFTs) are intracellular aggregates composed of **hyperphosphorylated tau protein** ^[3]^, and their formation is initiated by **abnormal hyperphosphorylation** of tau, leading to its detachment from microtubules ^[6]^ and subsequent aggregation into **paired helical filaments (PHFs)**, the pri"
q09,T,router_fast,DeepSeek-V4-Flash,T,3292,True,"AXIS: T REASON: Query directly asks about tau PET, a tau biomarker, as subject."
q09,T,teacher_premium,Qwen3-235B-A22B-Instruct-2507,T,1399,True,"AXIS: T   REASON: The query focuses on tau PET as a biomarker, specifically its temporal role relative to amyloid in AD pathology."
q09,T,teacher_medical,Baichuan-M3-Plus,T,10001,True,"AXIS: T   REASON: Tau PET is considered downstream because **tau pathology accelerates after amyloid accumulation** and correlates more closely with cognitive decline, whereas amyloid PET detects earlier changes in the disease cascade ^[1]^.  Furthermore, **phosphorylation and subsequent tau accumulation are downstream effects of Aβ-related pathology** ^[1]^, and amyloid positivity is a necessary condition for AD diagnosis, preceding significant tau spread beyond the medial temporal lobe ^[1]^. "
q10,T,router_fast,DeepSeek-V4-Flash,T,1842,True,AXIS: T REASON: Braak stages directly describe tau pathology progression.
q10,T,teacher_premium,Qwen3-235B-A22B-Instruct-2507,T,1449,True,"AXIS: T   REASON: The query directly asks about Braak staging, which characterizes the progression of tau pathology in Alzheimer's disease."
q10,T,teacher_medical,Baichuan-M3-Plus,T,10157,True,"AXIS: T   REASON: The query directly asks about the staging of tau pathology, which is defined by the **Braak stages I–VI** and reflects the **spatial progression of neurofibrillary tangles** composed of hyperphosphorylated tau protein ^[2]^.  This progression follows a **cascade extension pattern**: beginning in the **transentorhinal region (Braak I-II)**, spreading to **limbic areas (Braak III-IV)**, and finally involving the **neocortex (Braak V-VI)** ^[1]^.  Tau-PET imaging in vivo has confi"
q11,N,router_fast,DeepSeek-V4-Flash,N,5233,True,"AXIS: N REASON: Query focuses on hippocampal atrophy and NfL, both neurodegeneration biomarkers."
q11,N,teacher_premium,Qwen3-235B-A22B-Instruct-2507,N,11343,True,"AXIS: N   REASON: The query focuses on hippocampal atrophy and elevated plasma NfL, both direct biomarkers of neurodegeneration."
q11,N,teacher_medical,Baichuan-M3-Plus,N,13070,True,"AXIS: N   REASON: The findings directly reference **hippocampal atrophy on MRI** and **elevated plasma NfL**, both core biomarkers of neurodegeneration (N) in the AT(N) framework ^[1]^, indicating neuronal injury.    Plasma NfL is a well-established marker of **axonal damage and neurodegeneration**, with strong associations to structural brain changes. Evidence shows that **higher NfL levels correlate with reduced cortical thickness**, particularly in AD-signature regions, and with **hippocampal"
q12,N,router_fast,DeepSeek-V4-Flash,N,2179,True,AXIS: N REASON: Neurofilament light chain is a biomarker for neurodegeneration and neuronal injury.
q12,N,teacher_premium,Qwen3-235B-A22B-Instruct-2507,N,4390,True,AXIS: N   REASON: Elevated neurofilament light chain (NfL) is a direct biomarker of neurodegeneration and neuronal/axonal damage.
q12,N,teacher_medical,Baichuan-M3-Plus,N,9031,True,"AXIS: N   REASON: Elevated serum neurofilament light chain (NfL) is a **marker of axonal injury and neurodegeneration**, reflecting neuronal damage irrespective of the specific underlying cause ^[1]^ ^[4]^.  NfL levels increase in both cerebrospinal fluid and blood following axonal damage and are **not specific to Alzheimer’s disease** ^[2]^; they are elevated across various neurodegenerative conditions including AD, frontotemporal dementia, ALS, and multiple sclerosis ^[2]^ ^[5]^.  Importantly,"
q13,N,router_fast,DeepSeek-V4-Flash,N,5772,True,AXIS: N REASON: FDG-PET hypometabolism is a neurodegeneration biomarker listed in axis N.
q13,N,teacher_premium,Qwen3-235B-A22B-Instruct-2507,N,1605,True,AXIS: N   REASON: FDG-PET hypometabolism is a marker of neurodegeneration and neuronal dysfunction in Alzheimer's disease.
q13,N,teacher_medical,Baichuan-M3-Plus,N,13002,True,"AXIS: N   REASON: The query directly references FDG-PET hypometabolism, a key biomarker of neurodegeneration, which is classified under the N axis.    The typical FDG-PET pattern in early Alzheimer's disease involves **hypometabolism in the temporoparietal regions, posterior cingulate cortex, and precuneus** ^[1]^ ^[9]^, often appearing **before structural changes** are detectable on MRI ^[2]^ ^[9]^. This pattern is considered a sensitive indicator of synaptic and neuronal dysfunction ^[2]^ and "
q14,N,router_fast,DeepSeek-V4-Flash,N,4176,True,AXIS: N REASON: Hippocampal volume is a direct measure of neurodegeneration via MRI.
q14,N,teacher_premium,Qwen3-235B-A22B-Instruct-2507,N,1507,True,AXIS: N   REASON: Hippocampal volume is a key neurodegeneration biomarker tracked via MRI in AD progression.
q14,N,teacher_medical,Baichuan-M3-Plus,N,11967,True,"AXIS: N   REASON: Hippocampal volume change is a core biomarker of neurodegeneration, directly reflecting neuronal loss and atrophy in Alzheimer's disease ^[4]^, and is widely recognized as an early structural change linked to AD risk ^[4]^.  Longitudinal tracking of hippocampal volume is typically performed using serial MRI scans, with **Annual Percentage Change (APC)** used to quantify decline ^[1]^. The APC is calculated based on normalized average hippocampal volume relative to total brain v"
q15,N,router_fast,DeepSeek-V4-Flash,N,2438,True,"AXIS: N REASON: Synaptic loss is a direct marker of neurodegeneration, referenced as an early event."
q15,N,teacher_premium,Qwen3-235B-A22B-Instruct-2507,N,5311,True,"AXIS: N   REASON: Synaptic loss is a core feature of neurodegeneration, directly implicating the N axis."
q15,N,teacher_medical,Baichuan-M3-Plus,N,7684,True,"AXIS: N   REASON: Synaptic loss is a core feature of neurodegeneration, **preceding neuronal death** and strongly correlating with cognitive decline in Alzheimer's disease ^[2]^ ^[4]^ ^[6]^. Evidence indicates it occurs **early in the disease process**, even before amyloid plaque formation ^[8]^, and is **the best pathological correlate of cognitive deficits** ^[6]^ ^[10]^. Biomarkers such as CSF synaptic proteins and **SV2A PET** are emerging as surrogate markers for synaptic density, supportin"
q16,I,router_fast,DeepSeek-V4-Flash,I,2336,True,"AXIS: I REASON: GFAP is a marker of astrocyte reactivity, a key neuroinflammatory process."
q16,I,teacher_premium,Qwen3-235B-A22B-Instruct-2507,I,9683,True,"AXIS: I   REASON: Plasma GFAP is a biomarker of astrocyte reactivity, directly implicating neuroinflammation."
q16,I,teacher_medical,Baichuan-M3-Plus,I,10622,True,"AXIS: I   REASON: Elevated plasma GFAP is a **biomarker of astrocyte reactivity and neuroinflammation** ^[1]^, indicating early glial activation even before cognitive symptoms appear. This places the process within the **inflammation (I) axis**, as GFAP is specifically linked to astrogliosis and astrocytic injury ^[1]^.  Notably, GFAP levels increase with age and are **markedly elevated in Alzheimer’s disease**, though the rise is more linear in AD compared to the nonlinear increase in controls "
q17,I,router_fast,DeepSeek-V4-Flash,I,3351,True,"AXIS: I   REASON: Query directly asks about microglial activation and TREM2 signaling, both key inflammation biomarkers."
q17,I,teacher_premium,Qwen3-235B-A22B-Instruct-2507,I,1262,True,"AXIS: I   REASON: The query directly asks about microglial activation and TREM2, key markers of neuroinflammation in AD."
q17,I,teacher_medical,Baichuan-M3-Plus,I,12861,True,"AXIS: I   REASON: The query directly focuses on **microglial activation** and **TREM2 signaling**, which are core components of neuroinflammation, a key pathological axis in Alzheimer's disease.    TREM2, predominantly expressed on microglia, plays a crucial role in regulating **neuroinflammation and neurodegeneration** through downstream signaling pathways and transcriptional regulation of relevant genes ^[2]^, particularly in Alzheimer's and Parkinson’s diseases. Ligand binding—such as to **Aβ"
q18,I,router_fast,DeepSeek-V4-Flash,I,2450,True,"AXIS: I   REASON: Reactive astrocytes and GFAP, YKL-40 are directly linked to neuroinflammation axis."
q18,I,teacher_premium,Qwen3-235B-A22B-Instruct-2507,I,2537,True,"AXIS: I   REASON: The query focuses on reactive astrocytes and their biomarkers, which are key components of neuroinflammation in AD."
q18,I,teacher_medical,Baichuan-M3-Plus,I,13070,True,"AXIS: I   REASON: The query focuses on reactive astrocytes and their biomarkers (e.g., **GFAP**, **YKL-40**), which are key indicators of **neuroinflammation** and astrocyte reactivity in AD pathogenesis ^[1]^ ^[6]^.  Notably, **GFAP** is described as a marker of reactive astrogliosis and is **primarily associated with Aβ pathology**, with plasma GFAP levels correlating strongly with amyloid-PET positivity and predicting tau-PET abundance ^[1]^ ^[8]^. In contrast, **YKL-40 levels mainly reflect "
q19,I,router_fast,DeepSeek-V4-Flash,I,2168,True,"AXIS: I   REASON: Query explicitly focuses on neuroinflammation, a core pathology of the Inflammation axis."
q19,I,teacher_premium,Qwen3-235B-A22B-Instruct-2507,I,5772,True,"AXIS: I   REASON: The query directly focuses on neuroinflammation as a therapeutic target, implicating the inflammation axis."
q19,I,teacher_medical,Baichuan-M3-Plus,I,13347,True,"AXIS: I   REASON: The query focuses on neuroinflammation as a therapeutic target, directly implicating biomarkers like GFAP, sTREM2, and glial activation, which fall under the Inflammation (I) axis ^[1]^ ^[4]^ ^[6]^. Neuroinflammation is recognized as a pivotal driver of AD pathogenesis, operating through a self-reinforcing cycle with amyloid and tau pathologies ^[4]^. It is present from the earliest stages, often preceding cognitive decline and overlapping with Aβ deposition ^[6]^.  Notably, **"
q20,I,router_fast,DeepSeek-V4-Flash,I,2541,True,"AXIS: I REASON: Query directly asks about sTREM2 and microglial response, both key inflammation biomarkers."
q20,I,teacher_premium,Qwen3-235B-A22B-Instruct-2507,I,1780,True,"AXIS: I   REASON: The query directly references sTREM2 and microglial response, both key biomarkers of neuroinflammation in AD."
q20,I,teacher_medical,Baichuan-M3-Plus,I,10897,True,"AXIS: I   REASON: The query directly references **sTREM2** and **microglial response**, both core components of the **neuroinflammation (I) axis**, with sTREM2 being a key biomarker of microglial activation in AD ^[3]^ ^[8]^.  Elevated cerebrospinal fluid (CSF) levels of **sTREM2** are widely interpreted as a **proxy for microglial activation** ^[3]^, reflecting the dynamic response to disease progression. It is not merely an inert metabolite but a **functionally active immune mediator** that in"
q21,V,router_fast,DeepSeek-V4-Flash,V,13186,True,AXIS: V REASON: Query directly asks about APOE ε4 genotype and cerebrovascular/metabolic mechanisms.
q21,V,teacher_premium,Qwen3-235B-A22B-Instruct-2507,V,5061,True,"AXIS: V   REASON: APOE ε4 is directly linked to vascular-metabolic dysfunction, including BBB integrity and metabolic pathways."
q21,V,teacher_medical,Baichuan-M3-Plus,V,9806,True,"AXIS: V   REASON: The query focuses on **APOE ε4** and its role in **cerebrovascular dysfunction** (e.g., BBB integrity, cerebral blood flow) and **metabolic disruptions**, which are core components of the Vascular-Metabolic (V) axis ^[1]^ ^[5]^.  Specifically, APOE ε4 is implicated in **reduced cerebral blood flow (CBF)**, with a meta-analysis showing a consistent reduction associated with the genotype (SMD = -2.87) ^[1]^. It also contributes to **BBB leakage**, which occurs early and precedes "
q22,V,router_fast,DeepSeek-V4-Flash,V,4078,True,"AXIS: V REASON: Query focuses on cerebral small vessel disease, a vascular pathology."
q22,V,teacher_premium,Qwen3-235B-A22B-Instruct-2507,V,1975,True,AXIS: V   REASON: Cerebral small vessel disease is a key vascular pathology directly implicating the Vascular-Metabolic axis.
q22,V,teacher_medical,Baichuan-M3-Plus,V,9804,True,"AXIS: V   REASON: The query focuses on **cerebral small vessel disease**, a key component of vascular pathology, which is directly linked to the **Vascular-Metabolic (V) axis**. Multiple sources confirm its role in cognitive impairment and dementia, with **CSVD contributing to around 45% of all dementia cases worldwide** ^[3]^ and being **the most important vascular contributor to dementia** ^[12]^.  Notably, CSVD is not merely a coexisting condition but **an active amplifier of neurodegeneratio"
q23,V,router_fast,DeepSeek-V4-Flash,V,6450,True,"AXIS: V REASON: Query directly asks about vascular-metabolic factors, referencing homocysteine and HbA1c."
q23,V,teacher_premium,Qwen3-235B-A22B-Instruct-2507,V,4627,True,"AXIS: V   REASON: The query focuses on homocysteine and HbA1c, which are vascular-metabolic biomarkers, and their role in AD risk."
q23,V,teacher_medical,Baichuan-M3-Plus,V,11459,True,"AXIS: V   REASON: The query directly references **homocysteine** and **HbA1c**, both established biomarkers under the **Vascular-Metabolic (V) axis**, and asks how these factors compound AD risk. Elevated homocysteine is consistently linked to increased AD risk, with **each 5 μmol/L increase raising AD risk by 12%** ^[7]^, and is associated with **oxidative stress, endothelial dysfunction, and BBB disruption** ^[6]^.  Furthermore, **diabetes mellitus (DM)** has a hazard ratio of **1.62 for AD** "
q24,V,router_fast,DeepSeek-V4-Flash,V,1922,True,"AXIS: V REASON: Query directly asks about blood-brain barrier dysfunction, a vascular-metabolic axis biomarker."
q24,V,teacher_premium,Qwen3-235B-A22B-Instruct-2507,V,1677,True,AXIS: V   REASON: Blood-brain barrier dysfunction is a vascular-metabolic factor implicated in early AD pathogenesis.
q24,V,teacher_medical,Baichuan-M3-Plus,V,12059,True,"AXIS: V   REASON: Blood-brain barrier (BBB) dysfunction is highlighted as an **early sign of AD before dementia onset** and is closely tied to vascular-metabolic pathology, including **APOE ε4** as a key genetic risk factor for BBB impairment ^[1]^.  BBB breakdown facilitates the entry of **neurotoxic blood-derived factors, cells, and microbes**, triggering inflammatory and immune responses ^[1]^, and this disruption **precedes detectable symptomatology and neurophysiological changes** ^[3]^.  E"
q25,V,router_fast,DeepSeek-V4-Flash,V,7244,True,"AXIS: V REASON: Query focuses on cerebral hypoperfusion, directly referencing vascular pathology and blood flow."
q25,V,teacher_premium,Qwen3-235B-A22B-Instruct-2507,V,1273,True,AXIS: V   REASON: Cerebral hypoperfusion directly relates to vascular-metabolic dysfunction in at-risk individuals.
q25,V,teacher_medical,Baichuan-M3-Plus,V,10747,True,"AXIS: V   REASON: The query focuses on **cerebral hypoperfusion**, a key vascular-metabolic factor, and its role in cognitive decline, directly implicating the **Vascular-Metabolic (V) axis**. Multiple references highlight that **hypoperfusion may precede amyloid and tau pathology** and contribute to neurodegeneration and cognitive impairment through mechanisms like **impaired clearance of metabolic waste** and **reduced energy supply** ^[2]^.  Notably, **the expansion of outlier regions with se"
q26,OTHER,router_fast,DeepSeek-V4-Flash,OTHER,2296,True,"AXIS: OTHER REASON: Query asks about MMSE cognitive scale cut-off, not a biomarker or pathology axis."
q26,OTHER,teacher_premium,Qwen3-235B-A22B-Instruct-2507,OTHER,1302,True,"AXIS: OTHER   REASON: The query is about a cognitive scale (MMSE) cut-off, not a biomarker or pathological process."
q26,OTHER,teacher_medical,Baichuan-M3-Plus,OTHER,9618,True,"AXIS: OTHER   REASON: The query focuses on the MMSE cut-off, which is a **cognitive scale** used in clinical screening, not a direct biomarker of amyloid, tau, or neurodegeneration pathways.    While multiple sources indicate that **a score of 24 or below is commonly used to indicate potential cognitive impairment** ^[2]^, this threshold is not universally fixed. For instance, **education-stratified cut-offs are recommended**: ≤19 for illiterate individuals, ≤22 for those with primary education "
q27,OTHER,router_fast,DeepSeek-V4-Flash,OTHER,11105,True,"AXIS: OTHER REASON: Query asks about education's effect on cognitive decline, non-biomarker context."
q27,OTHER,teacher_premium,Qwen3-235B-A22B-Instruct-2507,OTHER,11639,True,"AXIS: OTHER   REASON: The query focuses on educational attainment and cognitive decline trajectory, which are non-biomarker factors."
q27,OTHER,teacher_medical,Baichuan-M3-Plus,OTHER,11908,True,"AXIS: [OTHER]   REASON: The query focuses on **educational attainment** and its impact on cognitive decline trajectory, which falls under non-biomarker clinical context, epidemiology, and cognitive reserve—best categorized under [OTHER]. While some studies link education to **tau pathology** and **gray matter volume (GMV)** as mediating factors ^[4]^, the primary subject is not the biomarker itself but the **modifying role of education**, a proxy for cognitive reserve.  Notably, evidence suggest"
q28,OTHER,router_fast,DeepSeek-V4-Flash,OTHER,1847,True,"AXIS: OTHER REASON: Query asks about lifestyle modifications, not biomarkers or pathology."
q28,OTHER,teacher_premium,Qwen3-235B-A22B-Instruct-2507,OTHER,1321,True,"AXIS: OTHER   REASON: The query asks about lifestyle modifications based on family history, which does not involve direct biomarker or pathological processes."
q28,OTHER,teacher_medical,Baichuan-M3-Plus,OTHER,19792,True,"AXIS: OTHER   REASON: The query focuses on **lifestyle modifications** and **family history**, which are non-biomarker risk factors, placing it under the [OTHER] axis per the rules.    While multiple documents support lifestyle interventions for those at risk—especially with a family history or genetic susceptibility such as **APOE ε4**—the core of the query is not about a specific biomarker but about **modifiable behaviors**.    Key recommendations from the evidence include: - **Multidomain lif"
q29,OTHER,router_fast,DeepSeek-V4-Flash,OTHER,3185,True,"AXIS: OTHER   REASON: Query asks about clinical presentation differences, not specific biomarkers."
q29,OTHER,teacher_premium,Qwen3-235B-A22B-Instruct-2507,OTHER,2803,True,AXIS: OTHER   REASON: The query compares clinical presentations of dementia types without referencing AD biomarkers or specific pathologies.
q29,OTHER,teacher_medical,Baichuan-M3-Plus,OTHER,11099,True,"AXIS: OTHER   REASON: The query focuses on differences in clinical presentation, which involves non-biomarker features like behavior, language, and cognitive patterns, falling outside specific pathological biomarkers."
q30,OTHER,router_fast,DeepSeek-V4-Flash,OTHER,2763,True,"AXIS: OTHER   REASON: Query is about global epidemiology, not biomarkers or pathology."
q30,OTHER,teacher_premium,Qwen3-235B-A22B-Instruct-2507,OTHER,5761,True,"AXIS: OTHER   REASON: The query focuses on global epidemiology, not biomarkers or specific pathological processes."
q30,OTHER,teacher_medical,Baichuan-M3-Plus,OTHER,13762,True,"AXIS: OTHER   REASON: The query focuses on global epidemiology in adults over 65, which involves population-level trends and not specific biomarkers or pathological processes.    **Key epidemiological points from the materials:**   - As of 2019, an estimated **57 million individuals worldwide suffered from dementia**, the most prevalent type being Alzheimer's disease (AD) ^[1]^, and this number is projected to reach **153 million by 2050** ^[1]^ (another source estimates 152.8 million by 2050) ^"
q31,A,router_fast,DeepSeek-V4-Flash,A,12070,False,AXIS: A REASON: Query compares Aβ ratio and p-tau181; ATN framework prioritizes amyloid as primary indicator.
q31,A,teacher_premium,Qwen3-235B-A22B-Instruct-2507,A,1126,False,AXIS: A   REASON: The Aβ42/Aβ40 ratio is the primary indicator of amyloid pathology in the ATN framework.
q31,A,teacher_medical,Baichuan-M3-Plus,A,8811,False,"AXIS: A   REASON: The **Aβ42/Aβ40 ratio** is the primary indicator of amyloid pathology (A+) in the ATN framework, which typically precedes significant tau changes ^[1]^; elevated p-tau181 is often secondary to amyloid pathology ^[2]^ and may not indicate widespread tauopathy at this stage. While p-tau181 increases with both amyloid and tau pathology, the **abnormal Aβ42/40 ratio signifies the initial pathological event** in Alzheimer’s continuum ^[1]^, making amyloid the primary indicator.  我建议"
q32,T,router_fast,DeepSeek-V4-Flash,T,4677,False,AXIS: T REASON: p-tau217 is a tau biomarker; query asks about tau pathology staging.
q32,T,teacher_premium,Qwen3-235B-A22B-Instruct-2507,T,1447,False,AXIS: T   REASON: The query focuses on elevated p-tau217 and its implication for tau pathology and disease stage.
q32,T,teacher_medical,Baichuan-M3-Plus,T,9824,False,"AXIS: T   REASON: The query centers on **p-tau217** and its implication for **tau pathology** and disease stage, directly implicating the **Tau (T) axis**, as p-tau217 is a specific biomarker for tau phosphorylation and Braak staging ^[2]^ ^[5]^.  Elevated p-tau217, even with normal hippocampal volume, suggests **early tau aggregation** that may precede structural atrophy. Notably, **p-tau217 has been shown to be particularly useful in capturing early cerebral Aβ plaque deposition** and may rise"
q33,N,router_fast,DeepSeek-V4-Flash,N,14120,False,AXIS: N   REASON: Hippocampal atrophy on MRI is a direct marker of neurodegeneration.
q33,N,teacher_premium,Qwen3-235B-A22B-Instruct-2507,N,1193,False,"AXIS: N   REASON: The query focuses on hippocampal atrophy, a direct marker of neurodegeneration."
q33,N,teacher_medical,Baichuan-M3-Plus,N,11819,False,"AXIS: N   REASON: The query focuses on **hippocampal atrophy on serial MRI**, a direct marker of neurodegeneration, which is a reliable indicator of neuronal loss and disease progression in early Alzheimer's disease ^[1]^.  Hippocampal volume (HV) atrophy is recognized as a **reliable surrogate outcome** that is reasonably likely to predict clinical benefit in early AD trials, particularly when assessed via standardized volumetric MRI ^[1]^.  This atrophy **precedes cognitive decline** and serve"
q34,I,router_fast,DeepSeek-V4-Flash,I,3621,False,AXIS: I REASON: Central query is about GFAP and neuroinflammatory component of glial response.
q34,I,teacher_premium,Qwen3-235B-A22B-Instruct-2507,I,3466,False,"AXIS: I   REASON: The query focuses on GFAP elevation and its implication for neuroinflammation, which is a marker of astrocyte reactivity in the I axis."
q34,I,teacher_medical,Baichuan-M3-Plus,I,8196,False,"AXIS: I   REASON: The query focuses on plasma GFAP, a biomarker of astrocyte reactivity, which directly reflects neuroinflammatory processes in Alzheimer's disease ^[1]^; elevated GFAP in amyloid-positive individuals indicates glial activation as part of the neuroinflammatory response ^[2]^, and evidence shows this association is **dependent on brain Aβ load** ^[2]^, positioning inflammation as a key amplifier of pathology. GFAP is highlighted as a scalable biomarker reflecting early preclinical"
q35,V,router_fast,DeepSeek-V4-Flash,V,9276,False,AXIS: V REASON: Query asks for vascular-metabolic implications of APOE ε4 genotype.
q35,V,teacher_premium,Qwen3-235B-A22B-Instruct-2507,V,1151,False,"AXIS: V   REASON: The query focuses on vascular-metabolic implications of APOE ε4/ε4 genotype, which belongs to the V axis."
q35,V,teacher_medical,Baichuan-M3-Plus,V,9882,False,"AXIS: V   REASON: The query centers on the **APOE ε4/ε4 genotype** and its **vascular-metabolic implications**, which directly aligns with axis [V], despite mention of hippocampal atrophy (a neurodegeneration marker). The focus is on the **genotype's role in vascular and metabolic dysfunction**, including **BBB integrity, cerebral blood flow, and metabolic dysregulation**.  Supporting evidence from the materials indicates that **APOE4 disrupts lipid homeostasis**, increases **risk of vascular in"
q36,T,router_fast,DeepSeek-V4-Flash,T,9044,False,"AXIS: T REASON: Question asks about biomarkers reflecting neurofibrillary tangle burden, a tau pathology."
q36,T,teacher_premium,Qwen3-235B-A22B-Instruct-2507,T,1292,False,"AXIS: T   REASON: The query asks which biomarker best reflects neurofibrillary tangle burden, a hallmark of tau pathology."
q36,T,teacher_medical,Baichuan-M3-Plus,T,11208,False,"AXIS: T   REASON: **p-tau217** has the highest correlation with neurofibrillary tangle burden, significantly outperforming p-tau181, NfL, and GFAP in independent associations with tangle load ^[6]^, and its correlation coefficient with tangles is significantly higher than that of p-tau181 when adjusting for plaques (ρ_diff = 0.17, P = 0.004) ^[6]^.  Moreover, **p-tau217 showed the highest accuracy in predicting Braak staging (AUC = 0.93)**, outperforming other biomarkers including GFAP (AUC = 0."
q37,A,router_fast,DeepSeek-V4-Flash,A,20732,False,"AXIS: A REASON: Reduced CSF Aβ42/Aβ40 indicates amyloid pathology, which is defining for AD."
q37,A,teacher_premium,Qwen3-235B-A22B-Instruct-2507,A,4693,False,"AXIS: A   REASON: Reduced CSF Aβ42/Aβ40 is the core AD-defining amyloid abnormality, despite elevated NfL and normal p-tau."
q37,A,teacher_medical,Baichuan-M3-Plus,A,15363,False,"AXIS: A   REASON: **The CSF Aβ42/Aβ40 ratio is a core biomarker for amyloid pathology and is considered sufficient for an AD diagnosis in the 2024 Alzheimer's Association revised criteria**, even in the presence of normal p-tau ^[11]^.  Although plasma NfL is elevated (indicating neurodegeneration), it is a **non-specific marker** of neuronal injury and not diagnostic of AD itself ^[6]^; it reflects disease severity or progression rather than AD-specific pathology ^[7]^.  The **2024 revised crit"
q38,I,router_fast,DeepSeek-V4-Flash,I,2873,False,AXIS: I REASON: Pattern of microglial and astrocyte reactivity around plaques indicates neuroinflammation.
q38,I,teacher_premium,Qwen3-235B-A22B-Instruct-2507,I,1235,False,"AXIS: I   REASON: The query focuses on microglial and astrocyte activation, key features of neuroinflammation."
q38,I,teacher_medical,Baichuan-M3-Plus,I,14080,False,"AXIS: I   REASON: The co-localization of microglia and reactive astrocytes around amyloid plaques reflects **neuroinflammatory responses**, a hallmark of the **inflammation (I) axis** ^[1]^ ^[4]^.  This pattern signifies **chronic neuroinflammation**, where activated glial cells shift from protective to maladaptive states, amplifying synaptic failure and neurodegeneration ^[1]^.  While amyloid plaques (A axis) are the trigger, the **dominant pathological process** in this scenario is the **glial"
q39,N,router_fast,DeepSeek-V4-Flash,N,29657,False,"AXIS: N REASON: NfL is a direct neurodegeneration biomarker, referenced as the finding in query."
q39,N,teacher_premium,Qwen3-235B-A22B-Instruct-2507,N,1219,False,"AXIS: N   REASON: NfL is a biomarker of neurodegeneration, directly implicating the Neurodegeneration axis in AD risk assessment."
q39,N,teacher_medical,Baichuan-M3-Plus,N,12536,False,"AXIS: N   REASON: Elevated NfL is a **sensitive marker of neuroaxonal injury** and reflects neurodegeneration, which is central to the **N (Neurodegeneration) axis** ^[1]^; however, its **low specificity** limits its use as an AD-specific biomarker ^[3]^.  While the elevation could be due to the recent fall (acute injury), chronically elevated NfL levels are associated with **faster cognitive decline, greater brain atrophy**, and **worsening on MMSE/CDR** in AD ^[1]^, with **baseline levels pred"
q40,I,router_fast,DeepSeek-V4-Flash,I,15836,False,"AXIS: I REASON: YKL-40, CRP, and IL-6 are inflammatory biomarkers directly characterizing neuroinflammation."
q40,I,teacher_premium,Qwen3-235B-A22B-Instruct-2507,I,1603,False,"AXIS: I   REASON: The query focuses on inflammatory biomarkers YKL-40, CRP, and IL-6 in early MCI, implicating neuroinflammation."
q40,I,teacher_medical,Baichuan-M3-Plus,I,10349,False,"AXIS: I   REASON: The biomarkers CRP, IL-6, and YKL-40 are associated with **neuroinflammation and glial activation**, with **YKL-40 specifically reflecting astrocyte reactivity and BBB disruption** linked to neuroinflammatory processes in early MCI ^[1]^ ^[2]^.  Notably, **YKL-40 is highlighted as a marker of blood-brain barrier integrity and neuroinflammation**, secreted by reactive astrocytes and indicating increased BBB permeability ^[1]^.  Additionally, **elevated GFAP and NFL indicate astr"
q41,V,router_fast,DeepSeek-V4-Flash,V,8884,False,"AXIS: V REASON: Query focuses on metabolic and vascular risk factors (HbA1c, homocysteine, stroke)."
q41,V,teacher_premium,Qwen3-235B-A22B-Instruct-2507,V,1253,False,"AXIS: V   REASON: The query focuses on vascular-metabolic risk factors (HbA1c, homocysteine, stroke history) in cognitive decline."
q41,V,teacher_medical,Baichuan-M3-Plus,V,11901,False,"AXIS: V   REASON: The query centers on **HbA1c, homocysteine, and prior stroke history**, all of which are key indicators of **vascular-metabolic dysfunction**; these factors are strongly linked to cerebrovascular pathology and metabolic dysregulation rather than primary amyloid or tau processes. Elevated homocysteine is highlighted as an independent risk factor for dementia and vascular damage, with **each 5 μmol/L increase in plasma Hcy increasing dementia risk by 9% and AD risk by 12%** ^[1]^"
q42,T,router_fast,DeepSeek-V4-Flash,T,9595,False,"AXIS: T REASON: The query focuses on NFT distribution staging, which is tau pathology."
q42,T,teacher_premium,Qwen3-235B-A22B-Instruct-2507,T,1421,False,"AXIS: T   REASON: The query focuses on neurofibrillary tangle (NFT) distribution, which is a core feature of tau pathology and Braak staging."
q42,T,teacher_medical,Baichuan-M3-Plus,T,12760,False,"AXIS: T   REASON: The query focuses on **neurofibrillary tangle (NFT) distribution** and its staging (Braak staging), which is directly linked to **tau pathology** and correlates more strongly with clinical disease stage than plaque distribution ^[1]^ ^[2]^.  The **Braak staging system** for NFTs begins in the transentorhinal cortex (stages I-II), progresses to limbic regions (stages III-IV), and finally involves widespread neocortex (stages V-VI) ^[1]^, showing a **hierarchical, predictable spr"
q43,I,router_fast,DeepSeek-V4-Flash,I,7571,False,AXIS: I REASON: TREM2 and microglial function directly pertain to neuroinflammation axis.
q43,I,teacher_premium,Qwen3-235B-A22B-Instruct-2507,I,5343,False,"AXIS: I   REASON: TREM2 R47H is a genetic variant linked to microglial dysfunction, directly implicating neuroinflammation."
q43,I,teacher_medical,Baichuan-M3-Plus,I,12217,False,"AXIS: I   REASON: The TREM2 R47H variant directly impacts microglial phagocytic function, a core aspect of neuroinflammation, and TREM2 is explicitly recognized as a key immunoreceptor in microglial immunity in Alzheimer's disease ^[1]^, positioning it within the inflammation axis. Soluble TREM2 (sTREM2) is also highlighted as a **dynamic biomarker of microglial activity** reflecting neuroinflammation and neuronal injury beyond amyloid burden ^[11]^.  Moreover, the **R47H mutation is described a"
q44,N,router_fast,DeepSeek-V4-Flash,N,7770,False,AXIS: N REASON: FDG-PET hypometabolism is a neurodegeneration marker.
q44,N,teacher_premium,Qwen3-235B-A22B-Instruct-2507,N,1388,False,"AXIS: N   REASON: FDG-PET hypometabolism in precuneus and posterior cingulate reflects neurodegeneration, a core feature of the Neurodegeneration (N) axis."
q44,N,teacher_medical,Baichuan-M3-Plus,N,10022,False,"AXIS: N   REASON: FDG-PET hypometabolism in the precuneus and posterior cingulate cortex reflects neuronal dysfunction or loss, a hallmark of the neurodegeneration (N) axis ^[1]^ ^[6]^.  This pattern is a well-known early feature in Alzheimer's disease, with **reduced metabolism in the posterior cingulate during the early stages** of AD ^[6]^, and is commonly used in differential diagnosis of neurodegenerative disorders ^[1]^.  Notably, **the precuneus, cingulate gyrus, and parietotemporal regio"
q45,V,router_fast,DeepSeek-V4-Flash,V,22736,False,AXIS: V REASON: BBB permeability and APOE ε4 are key vascular-metabolic biomarkers.
q45,V,teacher_premium,Qwen3-235B-A22B-Instruct-2507,V,6882,False,AXIS: V   REASON: BBB integrity and APOE ε4 are core components of the vascular-metabolic axis.
q45,V,teacher_medical,Baichuan-M3-Plus,V,9436,False,"AXIS: V   REASON: **BBB permeability and APOE ε4 status are core components of the vascular-metabolic axis**, with evidence showing elevated permeability in carriers even before cognitive decline or amyloid positivity ^[1]^ ^[4]^.  Notably, this BBB breakdown occurs **independently of amyloid-β** and is widespread across cortical regions—particularly in **superior occipital, parietal, and frontal areas**—a spatial pattern distinct from typical AD pathology spread ^[1]^.  The disruption is linked"
q46,N,router_fast,DeepSeek-V4-Flash,N,12941,False,AXIS: N REASON: Progressive medial temporal lobe shrinkage on MRI indicates neurodegeneration.
q46,N,teacher_premium,Qwen3-235B-A22B-Instruct-2507,N,1166,False,"AXIS: N   REASON: Progressive medial temporal lobe shrinkage reflects neurodegeneration, specifically neuronal and synaptic loss."
q46,N,teacher_medical,Baichuan-M3-Plus,N,11188,False,"AXIS: N   REASON: Progressive shrinkage of the medial temporal lobe on serial MRI reflects **neurodegeneration**, a core feature of Alzheimer's disease, and is a direct measure of structural brain atrophy captured under the N (neurodegeneration) axis ^[1]^ ^[5]^.  This longitudinal atrophy is **congruent with the distribution of neurofibrillary tangles** and closely linked to neuronal and synaptic loss ^[5]^, though it is a downstream biomarker. The **hippocampal volumes** show the closest corre"
q47,A,router_fast,DeepSeek-V4-Flash,A,9543,False,AXIS: A REASON: Dense congophilic β-pleated sheet deposits are classic amyloid plaques.
q47,A,teacher_premium,Qwen3-235B-A22B-Instruct-2507,A,6573,False,"AXIS: A   REASON: The query describes amyloid plaques, which are congophilic, β-pleated sheet deposits characteristic of Aβ pathology."
q47,A,teacher_medical,Baichuan-M3-Plus,A,8785,False,"AXIS: A   REASON: The description of dense, congophilic, β-pleated sheet deposits in the cortex directly refers to **amyloid plaques**, which are composed of aggregated Aβ and are a hallmark of amyloid pathology ^[7]^; these deposits are classically identified by their β-sheet structure and are central to the **amyloid (A) axis** ^[1]^ ^[4]^ ^[7]^. While other axes may be involved in AD progression, this finding is most specific to **Aβ deposition**.  我建议您进一步查阅阿尔茨海默病中β-淀粉样蛋白沉积的病理机制及其在疾病早期诊断中的临床意"
q48,T,router_fast,DeepSeek-V4-Flash,T,20089,False,AXIS: T REASON: Paired helical filaments are the ultrastructural correlate of tau neurofibrillary tangles.
q48,T,teacher_premium,Qwen3-235B-A22B-Instruct-2507,T,1439,False,AXIS: T   REASON: Paired helical filaments are composed of hyperphosphorylated tau and are a hallmark of tau pathology in Alzheimer’s disease.
q48,T,teacher_medical,Baichuan-M3-Plus,T,9917,False,"AXIS: T   REASON: Paired helical filaments (PHFs) are the ultrastructural hallmark of hyperphosphorylated tau protein aggregates in neurofibrillary tangles, directly implicating the **Tau** pathology axis ^[1]^ ^[2]^ ^[3]^. These filaments, composed of polymerized tau, destabilize microtubules and are a defining feature of tauopathy in Alzheimer’s disease ^[2]^ ^[7]^. The progression from pretangle to mature tangle involves the accumulation of these PHFs, which are strongly associated with cogni"
q49,I,router_fast,DeepSeek-V4-Flash,I,7383,False,"AXIS: I REASON: Ramified cells with thickened processes indicate microglial activation, a key neuroinflammatory response."
q49,I,teacher_premium,Qwen3-235B-A22B-Instruct-2507,I,1331,False,"AXIS: I   REASON: The description refers to microglial activation and astrocyte reactivity, key features of neuroinflammation in Alzheimer's disease."
q49,I,teacher_medical,Baichuan-M3-Plus,I,10400,False,"AXIS: I   REASON: The description of ramified cells with thickened processes clustering around neurons refers to **activated microglia**, a hallmark of **neuroinflammation**, directly implicating the **Inflammation (I) axis**. These morphological changes are characteristic of microglial reactivity in response to neuronal damage in AD ^[1]^, and microglial activation is a core component of neuroinflammatory pathways ^[4]^.  Additionally, **astrocyte reactivity** and **microglial activation** are "
q50,V,router_fast,DeepSeek-V4-Flash,V,7033,False,"AXIS: V REASON: Small infarcts, arteriolosclerosis, and leukoaraiosis indicate vascular pathology."
q50,V,teacher_premium,Qwen3-235B-A22B-Instruct-2507,V,2496,False,"AXIS: V   REASON: The findings of small infarcts, arteriolosclerosis, and leukoaraiosis indicate cerebrovascular disease, which falls under the Vascular-Metabolic (V) axis."
q50,V,teacher_medical,Baichuan-M3-Plus,V,9724,False,"AXIS: V   REASON: The findings of multiple small infarcts, arteriolosclerosis, and leukoaraiosis are hallmark features of **cerebral small vessel disease**, which falls under the **Vascular-Metabolic (V) axis**. These pathologies are directly linked to vascular contributions to cognitive impairment and are commonly associated with **hypertension and aging** ^[2]^.  Notably, **arteriolosclerosis** was significantly associated with lower memory, executive function, and language scores in multivari"
q51,N,router_fast,DeepSeek-V4-Flash,N,3593,False,AXIS: N REASON: Brain atrophy and sulcal widening directly indicate neurodegeneration.
q51,N,teacher_premium,Qwen3-235B-A22B-Instruct-2507,N,1224,False,AXIS: N   REASON: Reduced brain weight and sulcal widening indicate neurodegeneration with structural atrophy.
q51,N,teacher_medical,Baichuan-M3-Plus,N,10158,False,"AXIS: N   REASON: Conspicuous sulcal widening and reduced brain weight are macroscopic indicators of **neurodegeneration** and cortical atrophy, directly reflecting neuronal and synaptic loss. These structural changes are hallmark features of advanced Alzheimer's disease and are commonly assessed via MRI atrophy in the N (Neurodegeneration) axis ^[7]^.  The finding of sulcal widening is explicitly linked to cortical atrophy, which is a core component of the N (Neurodegeneration) biomarker catego"
q52,A,router_fast,DeepSeek-V4-Flash,A,16425,False,"AXIS: A REASON: PiB-PET detects amyloid plaques, directly assessing amyloid pathology."
q52,A,teacher_premium,Qwen3-235B-A22B-Instruct-2507,A,1170,False,"AXIS: A   REASON: PiB-PET is a direct biomarker for amyloid plaque deposition, falling under the Amyloid axis."
q52,A,teacher_medical,Baichuan-M3-Plus,A,8260,False,"AXIS: A   REASON: PiB-PET directly assesses **amyloid-β deposition** in the cortex, a core feature of the **amyloid (A) axis** ^[1]^ ^[2]^; widespread cortical retention indicates significant Aβ plaque burden.  我建议您进一步查阅淀粉样蛋白沉积在认知正常人群中的临床意义及进展为阿尔茨海默病的风险预测价值，您需要我帮您检索相关临床研究或指南吗？"
q53,I,router_fast,DeepSeek-V4-Flash,I,3326,False,"AXIS: I REASON: Query directly asks about YKL-40, a key inflammatory biomarker in the innate immune axis."
q53,I,teacher_premium,Qwen3-235B-A22B-Instruct-2507,I,5909,False,"AXIS: I   REASON: The query focuses on chitinase-3-like protein 1, a marker of astrocyte reactivity and neuroinflammation, implicating the innate immune axis."
q53,I,teacher_medical,Baichuan-M3-Plus,I,10160,False,"AXIS: I   REASON: Elevated chitinase-3-like protein 1 (CHI3L1), also known as YKL-40, is a **putative marker of neuroinflammation** and is primarily expressed in activated astrocytes and microglia, indicating involvement of the innate immune system ^[1]^.  The profile suggests early **neuroinflammatory activation** even in the presence of normal amyloid levels, positioning CHI3L1 as a potential **preclinical biomarker** of AD alongside Aβ42 ^[1]^.  Notably, **plasma CHI3L1 is increased in early "
q54,A,router_fast,DeepSeek-V4-Flash,A,2355,False,"AXIS: A REASON: Query directly asks about Aβ42/Aβ40 ratio, an amyloid biomarker."
q54,A,teacher_premium,Qwen3-235B-A22B-Instruct-2507,A,6330,False,AXIS: A   REASON: The plasma Aβ42/Aβ40 ratio is a direct biomarker of amyloid pathology.
q54,A,teacher_medical,Baichuan-M3-Plus,A,10941,False,"AXIS: A   REASON: The plasma Aβ42/Aβ40 ratio of 0.045 is significantly reduced, indicating abnormal amyloid processing and placing the dominant pathology in the amyloid (A) axis. This ratio is a well-established blood-based biomarker for cerebral amyloid deposition, with **lower values strongly associated with amyloid positivity** on PET or CSF analysis ^[1]^.  Notably, the **Aβ42/Aβ40 ratio is more strongly associated with amyloid deposition than individual Aβ42 or Aβ40 values** ^[5]^, and it d"
q55,T,router_fast,DeepSeek-V4-Flash,T,36084,False,AXIS: T REASON: Elevated plasma p-tau217 is the most specific AD biomarker referenced.
q55,T,teacher_premium,Qwen3-235B-A22B-Instruct-2507,T,6837,False,"AXIS: T   REASON: Plasma p-tau217 is a direct biomarker of tau pathology, making tau the most informative axis."
q55,T,teacher_medical,Baichuan-M3-Plus,T,13281,False,"AXIS: T   REASON: The elevated plasma p-tau217 (0.78 pg/mL, above cutoff of 0.40) directly implicates **tau pathology**, making the T axis most informative, as **p-tau217 demonstrates high accuracy in identifying amyloid and tau PET positivity** with a low rate of false negatives and positives ^[1]^.  Notably, **plasma p-tau217 was comparable to CSF p-tau217 in detecting amyloid deposition on PET** and shows **slightly higher accuracy in predicting amyloid PET positivity compared to tau PET posi"
q56,V,router_fast,DeepSeek-V4-Flash,V,9937,False,"AXIS: V REASON: Dominant risk factors are vascular-metabolic (diabetes, smoking, hypertension, APOE ε4) despite normal AD biomarkers."
q56,V,teacher_premium,Qwen3-235B-A22B-Instruct-2507,V,1243,False,"AXIS: V   REASON: APOE ε4, diabetes, smoking, and hypertension are key vascular-metabolic risk factors for AD."
q56,V,teacher_medical,Baichuan-M3-Plus,V,11544,False,"AXIS: V   REASON: The dominant risk factors—type 2 diabetes (HbA1c 8.1%), hypertension (BP 158/94), smoking, and APOE ε4—are all key components of the **vascular-metabolic axis**, which drives early AD risk through impaired cerebral blood flow, BBB dysfunction, and metabolic dysregulation ^[3]^.  Notably, **vascular alterations could emerge before clinical presentation** and even before amyloid or tau pathology becomes detectable ^[3]^, as seen here with normal plasma p-tau and Aβ markers. **Mid"
q57,N,router_fast,DeepSeek-V4-Flash,N,5289,False,"AXIS: N REASON: Hippocampal volume atrophy on MRI is the most striking finding, directly indicating neurodegeneration."
q57,N,teacher_premium,Qwen3-235B-A22B-Instruct-2507,N,1468,False,AXIS: N   REASON: The most striking finding—bilateral hippocampal atrophy—is a direct marker of neurodegeneration.
q57,N,teacher_medical,Baichuan-M3-Plus,N,12901,False,"AXIS: N   REASON: The most striking finding—bilateral hippocampal volume at the 5th percentile for age—directly reflects **neurodegeneration**, which is a core biomarker under the N axis ^[1]^; while amyloid and tau are involved, the dominant signal here is structural atrophy.    Notably, **hippocampal volume is considered abnormal when below the 5th percentile** of the normative population ^[1]^, and in this case, it is explicitly stated as the ""most striking finding."" This emphasizes its prima"
q58,OTHER,router_fast,DeepSeek-V4-Flash,OTHER,12780,False,"AXIS: OTHER   REASON: Query asks about cognitive reserve and lifestyle, not specific biomarkers."
q58,OTHER,teacher_premium,Qwen3-235B-A22B-Instruct-2507,OTHER,2200,False,"AXIS: OTHER   REASON: The query focuses on cognitive reserve and lifestyle factors, not biomarkers or specific AD pathologies."
q58,OTHER,teacher_medical,Baichuan-M3-Plus,OTHER,10368,False,"AXIS: OTHER   REASON: The query focuses on **cognitive reserve and lifestyle factors**, which are non-biomarker elements related to resilience against decline, not specific AD pathologies. These fall under the **[OTHER]** axis as they involve modifiable behaviors and cognitive context rather than direct biomarkers ^[2]^ ^[3]^.  Notably, while education and cognitive activity are **proxies for cognitive reserve**, they are not direct measures of amyloid, tau, or neurodegeneration ^[2]^ ^[11]^. Th"
q59,I,router_fast,DeepSeek-V4-Flash,I,10069,False,"AXIS: I REASON: Plasma GFAP and sTREM2 are inflammation biomarkers (astrocyte reactivity, microglial activation)."
q59,I,teacher_premium,Qwen3-235B-A22B-Instruct-2507,I,2070,False,"AXIS: I   REASON: Elevated plasma GFAP and sTREM2 directly indicate astrocyte reactivity and microglial activation, key markers of neuroinflammation."
q59,I,teacher_medical,Baichuan-M3-Plus,I,11793,False,"AXIS: I   REASON: Elevated plasma GFAP and sTREM2 directly indicate astrocyte reactivity and microglial activation, key components of neuroinflammation ^[1]^ ^[2]^, placing the dominant pathology in the **Inflammation (I)** axis. Notably, **GFAP-related astrocytic reactivity seems to enhance the development of Aβ and tau pathologies** ^[2]^, and **higher plasma sTREM2 may be protective against late-stage tau accumulation** ^[2]^, highlighting its complex role in disease modulation. These biomark"
q60,OTHER,router_fast,DeepSeek-V4-Flash,OTHER,3370,False,"AXIS: OTHER REASON: Query focuses on clinical decision-making, progression rates, and lifestyle, not biomarkers."
q60,OTHER,teacher_premium,Qwen3-235B-A22B-Instruct-2507,OTHER,1366,False,"AXIS: OTHER   REASON: The query focuses on clinical decision-making, progression rates, and lifestyle adjustments, not specific AD biomarkers or pathologies."
q60,OTHER,teacher_medical,Baichuan-M3-Plus,OTHER,8348,False,"AXIS: OTHER   REASON: The query focuses on **typical progression rates and lifestyle adjustments** following an MCI diagnosis, which pertain to **epidemiology and non-biomarker clinical context** rather than specific AD biomarkers or pathological processes. Cognitive scales and general management are implied, but no direct biomarker is referenced.  我建议您进一步查阅轻度认知障碍向阿尔茨海默病转化的预测模型及相关临床指南中的风险分层标准。您需要我帮您检索这方面的权威研究吗？"
